{
	"format_version": "1.8.0",
	"animations": {
		"idle": {
			"loop": true,
			"animation_length": 2.84,
			"bones": {
				"bone": {
					"rotation": {
						"0.0": {
							"vector": [29.54836, -28.28858, 39.89531]
						},
						"0.52": {
							"vector": [147.08186, 28.75634, -38.5729]
						},
						"1.04": {
							"vector": [216.90849, -49.77817, -14.13649]
						},
						"1.56": {
							"vector": [161.11607, -45.38073, 149.53181]
						},
						"2.08": {
							"vector": [191.79398, -86.78214, 171.53368]
						},
						"2.84": {
							"vector": [29.54836, -28.28858, 39.89531]
						}
					},
					"position": {
						"0.0": {
							"vector": [0, 0, 0]
						},
						"1.04": {
							"vector": [0, 2, 0]
						},
						"2.08": {
							"vector": [0, 0, 0]
						}
					},
					"scale": {
						"vector": [1, 1, 1]
					}
				},
				"bone3": {
					"rotation": {
						"0.0": {
							"vector": [0, 0, 0]
						},
						"0.28": {
							"vector": [0, 0, 67.5]
						},
						"1.04": {
							"vector": [0, 0, -124.61]
						},
						"1.4": {
							"vector": [0, 0, 0]
						},
						"1.8": {
							"vector": [0, 0, -222.5]
						},
						"2.4": {
							"vector": [0, 0, -67.5]
						},
						"2.6": {
							"vector": [0, 0, 65]
						},
						"2.84": {
							"vector": [0, 0, 0]
						}
					}
				}
			}
		}
	},
	"geckolib_format_version": 2
}